{
    "accuracy": 0.7253371185237757,
    "precision": 0.4892205638474295,
    "recall": 0.7887700534759359,
    "f1_score": 0.6038894575230297
}