{
    "accuracy": 0.7437899219304471,
    "precision": 0.5198776758409785,
    "recall": 0.45454545454545453,
    "f1_score": 0.48502139800285304
}