{
    "accuracy": 0.723207948899929,
    "precision": 0.4867549668874172,
    "recall": 0.786096256684492,
    "f1_score": 0.6012269938650306
}