{
    "accuracy": 0.7253371185237757,
    "precision": 0.4891846921797005,
    "recall": 0.786096256684492,
    "f1_score": 0.6030769230769231
}