{
    "accuracy": 0.7537260468417317,
    "precision": 0.536986301369863,
    "recall": 0.5240641711229946,
    "f1_score": 0.530446549391069
}