{
    "accuracy": 0.7558552164655784,
    "precision": 0.5401069518716578,
    "recall": 0.5401069518716578,
    "f1_score": 0.5401069518716578
}