{
    "accuracy": 0.752306600425834,
    "precision": 0.531328320802005,
    "recall": 0.5668449197860963,
    "f1_score": 0.5485122897800776
}