{
    "accuracy": 0.7452093683463449,
    "precision": 0.5185185185185185,
    "recall": 0.5614973262032086,
    "f1_score": 0.5391527599486521
}